id,first_name,last_name,email
1,Taber,Keppel,tkeppel0@parallels.com
2,Fleming,Cowton,fcowton1@ask.com
3,Rusty,Egle of Germany,regleofgermany2@godaddy.com
4,Thibaud,Satteford,tsatteford3@toplist.cz
5,Melba,Ramirez,mramirez4@netscape.com
6,Michal,Brook,mbrook5@ucsd.edu
7,Danita,McCullum,dmccullum6@ning.com
8,Farly,Geydon,fgeydon7@bbc.co.uk
9,Tabbitha,Lavalde,tlavalde8@nytimes.com
10,Idaline,Skyppe,iskyppe9@springer.com
11,Cybill,Pumphrey,cpumphreya@epa.gov
12,Isabel,Domenget,idomengetb@de.vu
13,Odille,Hannent,ohannentc@wp.com
14,Maridel,Cuppleditch,mcuppleditchd@china.com.cn
15,Blithe,Draxford,bdraxforde@flavors.me
16,Barny,Beckitt,bbeckittf@jiathis.com
17,Dani,Ledner,dlednerg@webnode.com
18,Ranna,Orehead,roreheadh@who.int
19,Zoe,Tench,ztenchi@xrea.com
20,Sandye,Moreinis,smoreinisj@economist.com
21,Natty,Smidmoor,nsmidmoork@ehow.com
22,Granthem,Dametti,gdamettil@reuters.com
23,Emilia,Willshire,ewillshirem@cpanel.net
24,Anastasie,Rathmell,arathmelln@delicious.com
25,Gaston,Chedzoy,gchedzoyo@spiegel.de
26,Madelle,Szubert,mszubertp@studiopress.com
27,Flynn,Ogg,foggq@mapy.cz
28,Alvis,Coales,acoalesr@dropbox.com
29,Evangelin,Wooster,ewoosters@ox.ac.uk
30,Nonna,Grimstead,ngrimsteadt@globo.com
31,De witt,Kemston,dkemstonu@ovh.net
32,Bevan,Fidoe,bfidoev@google.ca
33,Barrett,Bance,bbancew@slate.com
34,Maynard,Zuenelli,mzuenellix@prnewswire.com
35,Douglass,Ellingham,dellinghamy@ebay.com
36,Skye,Letterick,sletterickz@qq.com
37,Glenden,Gilpillan,ggilpillan10@nyu.edu
38,Audrey,Adin,aadin11@rakuten.co.jp
39,Arlie,Espinoza,aespinoza12@naver.com
40,Rosette,Kornyshev,rkornyshev13@aboutads.info
41,Jasmin,Hearfield,jhearfield14@cargocollective.com
42,Giustino,Duplain,gduplain15@naver.com
43,Chaunce,Harrowell,charrowell16@va.gov
44,Shawna,Baudry,sbaudry17@ted.com
45,Chico,Whiterod,cwhiterod18@go.com
46,Kerby,Tanman,ktanman19@uiuc.edu
47,Leanna,Carnduff,lcarnduff1a@wikipedia.org
48,Baudoin,Mantle,bmantle1b@google.com
49,Davy,Genty,dgenty1c@newsvine.com
50,Ardelis,Poller,apoller1d@adobe.com
51,Tamma,Napolione,tnapolione1e@paginegialle.it
52,Nataniel,Tingly,ntingly1f@miibeian.gov.cn
53,Bonita,Chidler,bchidler1g@cdc.gov
54,Cynthea,Cawker,ccawker1h@sbwire.com
55,Kaspar,Euesden,keuesden1i@ted.com
56,Rochella,Tween,rtween1j@surveymonkey.com
57,Callean,Lovelady,clovelady1k@abc.net.au
58,Corny,Roxburch,croxburch1l@weather.com
59,Hermann,Crecy,hcrecy1m@friendfeed.com
60,Aindrea,Lusted,alusted1n@shutterfly.com
61,Carly,Ellesmere,cellesmere1o@ning.com
62,Greg,Viegas,gviegas1p@ucoz.ru
63,Romy,McPaike,rmcpaike1q@linkedin.com
64,Xymenes,Tunnoch,xtunnoch1r@aboutads.info
65,Granville,Watchorn,gwatchorn1s@dot.gov
66,Tades,Antoinet,tantoinet1t@list-manage.com
67,Manuel,Van der Brugge,mvanderbrugge1u@alibaba.com
68,Shannah,Lambourne,slambourne1v@toplist.cz
69,Marty,Lark,mlark1w@ihg.com
70,George,Figgs,gfiggs1x@themeforest.net
71,Joelynn,Grigoriscu,jgrigoriscu1y@unesco.org
72,Ly,Lamberth,llamberth1z@diigo.com
73,Yuma,Radmore,yradmore20@cornell.edu
74,Fanechka,Langthorne,flangthorne21@fastcompany.com
75,Jillie,Scollick,jscollick22@utexas.edu
76,Leonard,Santora,lsantora23@unicef.org
77,Fletcher,Reuven,freuven24@disqus.com
78,Maddy,Risom,mrisom25@tripod.com
79,Lisetta,Banting,lbanting26@msu.edu
80,Marsha,Delagnes,mdelagnes27@arstechnica.com
81,Vaughan,Mantram,vmantram28@weebly.com
82,Dulce,Wieprecht,dwieprecht29@plala.or.jp
83,Raquel,Walesa,rwalesa2a@hatena.ne.jp
84,Gerti,Aldwich,galdwich2b@netscape.com
85,Lenci,Kloss,lkloss2c@cisco.com
86,Gardiner,Scopyn,gscopyn2d@ucoz.com
87,Cari,Tremethack,ctremethack2e@abc.net.au
88,Jamie,Blaske,jblaske2f@eventbrite.com
89,Carmen,Ibotson,cibotson2g@china.com.cn
90,Kendra,Succamore,ksuccamore2h@amazon.com
91,Patty,Willshaw,pwillshaw2i@hugedomains.com
92,Cherise,Phizaclea,cphizaclea2j@surveymonkey.com
93,Dorrie,Kilford,dkilford2k@studiopress.com
94,Natal,Mirfield,nmirfield2l@paginegialle.it
95,Danice,Friar,dfriar2m@free.fr
96,Sonni,Leafe,sleafe2n@lulu.com
97,Roddy,Boni,rboni2o@icio.us
98,Germaine,Minchinton,gminchinton2p@microsoft.com
99,Geoffry,Midlane,gmidlane2q@google.ru
100,Clerkclaude,Breakey,cbreakey2r@auda.org.au
101,Terrell,Cornil,tcornil2s@ucoz.com
102,Rafe,Haistwell,rhaistwell2t@issuu.com
103,Dorine,Ough,dough2u@oaic.gov.au
104,Deane,Brikner,dbrikner2v@cbsnews.com
105,Karlee,Andriuzzi,kandriuzzi2w@ucoz.ru
106,Elias,Linnell,elinnell2x@businessinsider.com
107,Pauline,Gange,pgange2y@cafepress.com
108,Sallyann,Carlyle,scarlyle2z@vk.com
109,Cinnamon,Earwicker,cearwicker30@wunderground.com
110,Patrizio,Lakeman,plakeman31@gizmodo.com
111,Berke,Triebner,btriebner32@sun.com
112,Shena,Girauld,sgirauld33@engadget.com
113,Gavra,Cattini,gcattini34@china.com.cn
114,Heindrick,Shimmin,hshimmin35@theguardian.com
115,Reuven,Iddins,riddins36@webs.com
116,Delmar,Winsor,dwinsor37@stanford.edu
117,Annnora,Brend,abrend38@webnode.com
118,Agustin,Sphinxe,asphinxe39@deviantart.com
119,Winnie,Saurat,wsaurat3a@cdbaby.com
120,Meggi,Templman,mtemplman3b@answers.com
121,Zulema,Cursey,zcursey3c@posterous.com
122,Don,Dumbare,ddumbare3d@woothemes.com
123,Vito,O'Lennachain,volennachain3e@about.me
124,Fairleigh,Boaler,fboaler3f@yahoo.com
125,Sonny,Yann,syann3g@bigcartel.com
126,Erinn,Daunter,edaunter3h@51.la
127,Freddy,Fleckness,ffleckness3i@telegraph.co.uk
128,Lennie,Cicchinelli,lcicchinelli3j@desdev.cn
129,Rosalie,Crownshaw,rcrownshaw3k@printfriendly.com
130,Kaela,Cunnell,kcunnell3l@exblog.jp
131,Joline,Seale,jseale3m@omniture.com
132,Vin,Castaignet,vcastaignet3n@businessweek.com
133,Selinda,Horley,shorley3o@gizmodo.com
134,Adelheid,Barnicott,abarnicott3p@forbes.com
135,Osborn,Roddan,oroddan3q@baidu.com
136,Delmor,Kain,dkain3r@people.com.cn
137,Fernandina,Dowzell,fdowzell3s@hugedomains.com
138,Wells,Whooley,wwhooley3t@chron.com
139,Matelda,Comport,mcomport3u@yahoo.com
140,Brinn,Faier,bfaier3v@boston.com
141,Jorey,Harsnipe,jharsnipe3w@vimeo.com
142,Valeda,Filipchikov,vfilipchikov3x@godaddy.com
143,Nikaniki,Reddings,nreddings3y@drupal.org
144,Filmer,Chyuerton,fchyuerton3z@disqus.com
145,Wileen,Solley,wsolley40@last.fm
146,Hillyer,Fleetwood,hfleetwood41@bizjournals.com
147,Jenni,Duell,jduell42@surveymonkey.com
148,Robbert,Mc Queen,rmcqueen43@virginia.edu
149,Danny,Bonsall,dbonsall44@w3.org
150,Berti,Torbett,btorbett45@hhs.gov
151,Barnaby,Sneddon,bsneddon46@hugedomains.com
152,Salmon,Dollimore,sdollimore47@nih.gov
153,Merlina,Jorgensen,mjorgensen48@tamu.edu
154,Florie,Empringham,fempringham49@taobao.com
155,Danell,Kordes,dkordes4a@surveymonkey.com
156,Catriona,Figgins,cfiggins4b@independent.co.uk
157,Cointon,Stanlock,cstanlock4c@altervista.org
158,Giffie,Beaver,gbeaver4d@cbsnews.com
159,Linnell,Barlas,lbarlas4e@soundcloud.com
160,Paxton,Dews,pdews4f@webeden.co.uk
161,Lotti,Whithalgh,lwhithalgh4g@cbslocal.com
162,Helenka,Ackery,hackery4h@newyorker.com
163,Roderic,Duddell,rduddell4i@marriott.com
164,Moss,Ceresa,mceresa4j@cbsnews.com
165,Monroe,Winterflood,mwinterflood4k@prweb.com
166,Meara,Malicki,mmalicki4l@bloglines.com
167,Lilith,Grundy,lgrundy4m@ehow.com
168,Caryn,Instone,cinstone4n@alibaba.com
169,Roanne,Wallbridge,rwallbridge4o@webmd.com
170,Gwennie,Mainz,gmainz4p@bbb.org
171,Jilly,Duddin,jduddin4q@phpbb.com
172,Demetrius,Antonowicz,dantonowicz4r@tinypic.com
173,Lexi,Shortland,lshortland4s@time.com
174,Holt,Danihel,hdanihel4t@feedburner.com
175,Rozamond,Berrey,rberrey4u@webs.com
176,Ayn,Cowey,acowey4v@tripadvisor.com
177,Jule,Marjot,jmarjot4w@odnoklassniki.ru
178,Irvin,Huxster,ihuxster4x@paypal.com
179,Franklyn,Yesson,fyesson4y@npr.org
180,Kerk,Maffy,kmaffy4z@nps.gov
181,Fernanda,Woloschin,fwoloschin50@amazon.com
182,Marysa,Cristofvao,mcristofvao51@ocn.ne.jp
183,Stephanus,Hoy,shoy52@nytimes.com
184,Meir,MacParlan,mmacparlan53@gmpg.org
185,Woodie,Simoneau,wsimoneau54@businessinsider.com
186,Blair,Perell,bperell55@techcrunch.com
187,Noellyn,Flockhart,nflockhart56@oracle.com
188,Doti,Siddele,dsiddele57@behance.net
189,Burlie,Friskey,bfriskey58@ted.com
190,Melisandra,Cossans,mcossans59@nature.com
191,Ernestine,Pitcaithley,epitcaithley5a@wix.com
192,Belvia,Walton,bwalton5b@freewebs.com
193,Odelia,Tregear,otregear5c@gmpg.org
194,Guss,Pavlenkov,gpavlenkov5d@springer.com
195,Caroljean,Haton,chaton5e@instagram.com
196,Merry,Dartnall,mdartnall5f@marketwatch.com
197,Alejandra,Smith,asmith5g@rakuten.co.jp
198,Samaria,Ralph,sralph5h@princeton.edu
199,Merl,Beynke,mbeynke5i@cnn.com
200,Abigael,Silber,asilber5j@columbia.edu
201,Kerstin,Curnok,kcurnok5k@dedecms.com
202,Marty,Hewkin,mhewkin5l@privacy.gov.au
203,Juana,Jeavon,jjeavon5m@theatlantic.com
204,Suzy,Harkes,sharkes5n@barnesandnoble.com
205,Vinita,Heeney,vheeney5o@plala.or.jp
206,Kimberly,Lubman,klubman5p@pinterest.com
207,Adelind,Vidloc,avidloc5q@nih.gov
208,Ben,Rollins,brollins5r@behance.net
209,Rebe,Lehrmann,rlehrmann5s@latimes.com
210,Thelma,Kilmary,tkilmary5t@flavors.me
211,Charlot,Tourot,ctourot5u@rediff.com
212,Lucilia,Lorek,llorek5v@mediafire.com
213,Yorker,Barltrop,ybarltrop5w@uol.com.br
214,Vasili,Satch,vsatch5x@reddit.com
215,Hugues,Racine,hracine5y@edublogs.org
216,Millard,Priddy,mpriddy5z@plala.or.jp
217,Giorgi,Briscoe,gbriscoe60@noaa.gov
218,Jacinta,Yakhin,jyakhin61@disqus.com
219,Claribel,Soff,csoff62@google.ca
220,Svend,Foye,sfoye63@a8.net
221,Irena,Lohde,ilohde64@craigslist.org
222,Tull,Constant,tconstant65@nytimes.com
223,Carr,Claibourn,cclaibourn66@sitemeter.com
224,Town,Areles,tareles67@imgur.com
225,Garrik,McCreadie,gmccreadie68@unicef.org
226,Tam,McKellar,tmckellar69@mozilla.org
227,Mureil,Bolzen,mbolzen6a@skyrock.com
228,Bruno,Blazeby,bblazeby6b@ihg.com
229,Liz,Laybourne,llaybourne6c@abc.net.au
230,Shalne,Lowre,slowre6d@amazon.com
231,Marlena,Whether,mwhether6e@redcross.org
232,Nicole,Petrus,npetrus6f@sina.com.cn
233,Caresa,Ing,cing6g@mashable.com
234,Arturo,Franzel,afranzel6h@howstuffworks.com
235,D'arcy,Liffey,dliffey6i@adobe.com
236,Carce,Dillinton,cdillinton6j@dot.gov
237,Nikoletta,Edbrooke,nedbrooke6k@unblog.fr
238,Bald,Trethowan,btrethowan6l@stanford.edu
239,Liliane,Tarbett,ltarbett6m@umich.edu
240,Silvano,Le Moucheux,slemoucheux6n@army.mil
241,Cathie,Corpe,ccorpe6o@slideshare.net
242,Levy,Funnell,lfunnell6p@pagesperso-orange.fr
243,Angelia,Dolton,adolton6q@blogspot.com
244,Jefferson,Longley,jlongley6r@berkeley.edu
245,Duky,McGlew,dmcglew6s@issuu.com
246,Della,Faber,dfaber6t@cloudflare.com
247,Aubry,Cornbill,acornbill6u@merriam-webster.com
248,Irv,Leynton,ileynton6v@reverbnation.com
249,Gabi,Elgie,gelgie6w@ezinearticles.com
250,Sydney,Tift,stift6x@slate.com
251,Ivan,Iglesias,ivaniglesias@ed.team
252,Cesar,Mayta,cesarmayta@ed.team
